Nintendo NES - Super Mario, Donkey Kong, Megaman, todos os clássicos!;39 €;https://www.olx.pt/d/anuncio/nintendo-nes-super-mario-donkey-kong-megaman-todos-os-clssicos-IDFJKbo.html
Nintendo 2DS Desbloqueada + Extras Pokémon Sun & Moon;140 €;https://www.olx.pt/d/anuncio/nintendo-2ds-desbloqueada-extras-pokmon-sun-moon-IDHbz9e.html
Nintendo Switch Lite cinzento;195 €;https://www.olx.pt/d/anuncio/nintendo-switch-lite-cinzento-IDH90t1.html
Cabo consola Nintendo 64 Super Nintendo Gamecube RCA Televisão NOVO;5 €;https://www.olx.pt/d/anuncio/cabo-consola-nintendo-64-super-nintendo-gamecube-rca-televiso-novo-IDGSO3A.html
Consola Super Nintendo Action Pack;285 €;https://www.olx.pt/d/anuncio/consola-super-nintendo-action-pack-IDHbxVN.html
Consola Super Nintendo edição Street Fighter 2;300 €;https://www.olx.pt/d/anuncio/consola-super-nintendo-edio-street-fighter-2-IDHbvqY.html
Consola super nintendo;35 €;https://www.olx.pt/d/anuncio/consola-super-nintendo-IDH3m9G.html
Consola Nintendo NES Super Set;150 €;https://www.olx.pt/d/anuncio/consola-nintendo-nes-super-set-IDH8XJN.html
Consola Nintendo Switch + Super Mario Party;220 €;
Negociável;https://www.olx.pt/d/anuncio/consola-nintendo-switch-super-mario-party-IDH2dda.html;
Consola super nintendo mini classic - com 330 jogos e caixa original;120 €;https://www.olx.pt/d/anuncio/consola-super-nintendo-mini-classic-com-330-jogos-e-caixa-original-IDFW6U8.html
Consola Super Nintendo: Jogos / Acessórios / Super GB / Stick / etc.;400 €;https://www.olx.pt/d/anuncio/consola-super-nintendo-jogos-acessrios-super-gb-stick-etc-IDuUGpF.html
Consola Nintendo 2DS + Super Mario Bros 2 Special Edition;180 €;https://www.olx.pt/d/anuncio/consola-nintendo-2ds-super-mario-bros-2-special-edition-IDGJ3vw.html
Consola Nintendo Wii 25 Anos Super Mario;80 €;https://www.olx.pt/d/anuncio/consola-nintendo-wii-25-anos-super-mario-IDHaOsP.html
Coleção de jogos para a Super Nintendo / SNES (originais PAL);400 €;https://www.olx.pt/d/anuncio/coleo-de-jogos-para-a-super-nintendo-snes-originais-pal-IDHgxQk.html
Comando de consola Super Nintendo SNES (ORIGINAL!);25 €;https://www.olx.pt/d/anuncio/comando-de-consola-super-nintendo-snes-original-IDH61hz.html
Consola Super Nintendo SNES PAL VERSION (MUITO BOM ESTADO!);114,99 €;https://www.olx.pt/d/anuncio/consola-super-nintendo-snes-pal-version-muito-bom-estado-IDH7c7W.html
Consola Super Nintendo + 9 jogos desporto;110 €;https://www.olx.pt/d/anuncio/consola-super-nintendo-9-jogos-desporto-IDGpRh4.html
Consola Super Nintendo + Super Mario All Stars + 8 jogos futebol;120 €;https://www.olx.pt/d/anuncio/consola-super-nintendo-super-mario-all-stars-8-jogos-futebol-IDGpR9D.html
Consola Nintendo DSi+XL (red) + Super Mario Bros;220 €;
Negociável;https://www.olx.pt/d/anuncio/consola-nintendo-dsi-xl-red-super-mario-bros-IDGFAxh.html;
consola super nintendo snes;85 €;https://www.olx.pt/d/anuncio/consola-super-nintendo-snes-IDH9gab.html
SNES Super Nintendo Yoshi's Island (CONSOLA+JOGO AMBOS EM CAIXA!);499,99 €;https://www.olx.pt/d/anuncio/snes-super-nintendo-yoshis-island-consola-jogo-ambos-em-caixa-IDHe817.html
Consola snes supernintendo super nintendo + jogos + adaptador;250 €;https://www.olx.pt/d/anuncio/consola-snes-supernintendo-super-nintendo-jogos-adaptador-IDH3731.html
Consola Gamecube completa, jogos N64 Super Nintendo;200 €;https://www.olx.pt/d/anuncio/consola-gamecube-completa-jogos-n64-super-nintendo-IDGhjDL.html
BATTLETOADS in BATTLEMANIACS jogo snes Super Nintendo consola 16 bits;27,50 €;https://www.olx.pt/d/anuncio/battletoads-in-battlemaniacs-jogo-snes-super-nintendo-consola-16-bits-IDySk5X.html
"JOGO ""SUPER MARIO 3D LAND"" PARA CONSOLA NINTENDO 3DS";19 €;
Negociável;https://www.olx.pt/d/anuncio/jogo-super-mario-3d-land-para-consola-nintendo-3ds-IDGU0J5.html;
Consola Super nintendo Street fighter 2 turbo edition;390 €;
Negociável;https://www.olx.pt/d/anuncio/consola-super-nintendo-street-fighter-2-turbo-edition-IDH0XF1.html;
Consola nintendo nes super set, jogos e zapper;350 €;https://www.olx.pt/d/anuncio/consola-nintendo-nes-super-set-jogos-e-zapper-IDH36Ix.html
Nintendo 64 - Consola N64 + Super Mario64;90 €;https://www.olx.pt/d/anuncio/nintendo-64-consola-n64-super-mario64-IDHdTwa.html
Consola Super Nintendo(PAL) com 3 video jogos;140 €;https://www.olx.pt/d/anuncio/consola-super-nintendopal-com-3-video-jogos-IDHaIry.html
Super Nintendo Consola Completa + Cabos + 2 Comandos e jogo incrível;144,99 €;
Negociável;https://www.olx.pt/d/anuncio/super-nintendo-consola-completa-cabos-2-comandos-e-jogo-incrvel-IDGZsvk.html;
Consola Nintendo 3DS XL - Edição limitada Super Smash Bros.;280 €;https://www.olx.pt/d/anuncio/consola-nintendo-3ds-xl-edio-limitada-super-smash-bros-IDBZt9l.html
Caixa Nintendo Switch Super Mario Odyssey;39,99 €;https://www.olx.pt/d/anuncio/caixa-nintendo-switch-super-mario-odyssey-IDH52nK.html
Jogo antigo para super nintendo;10 €;https://www.olx.pt/d/anuncio/jogo-antigo-para-super-nintendo-IDwBsuF.html
Nintendo SNES Super Mario World VERSÃO PT (EXCELENTE!);249,99 €;https://www.olx.pt/d/anuncio/nintendo-snes-super-mario-world-verso-pt-excelente-IDHeuzT.html
Secret Of Mana Super Nintendo SNES Original 1993 PAL FRA;150 €;https://www.olx.pt/d/anuncio/secret-of-mana-super-nintendo-snes-original-1993-pal-fra-IDHgGuZ.html
Super Mario Galaxy // Nintendo Wii & Wii U;25 €;https://www.olx.pt/d/anuncio/super-mario-galaxy-nintendo-wii-wii-u-IDGUxj3.html
Super Nintendo Entertainment System super mario arkanoid donkey kong;35 €;
Negociável;https://www.olx.pt/d/anuncio/super-nintendo-entertainment-system-super-mario-arkanoid-donkey-kong-IDHaCRg.html;
Jogo Cybernator - Super Nintendo;30 €;https://www.olx.pt/d/anuncio/jogo-cybernator-super-nintendo-IDGnvtn.html
SNES Super Nintendo control set;250 €;
Negociável;https://www.olx.pt/d/anuncio/snes-super-nintendo-control-set-IDGTJPH.html;
NES Super Mario Bros. EUROPA VERSION (COMPLETA!);325 €;https://www.olx.pt/d/anuncio/nes-super-mario-bros-europa-version-completa-IDH4mdY.html
Super Nintendo, Snes, Super Gameboy + 2 Comandos + Super Mario World;250 €;https://www.olx.pt/d/anuncio/super-nintendo-snes-super-gameboy-2-comandos-super-mario-world-IDH7ZpU.html
Super Mario Bros DS;30 €;https://www.olx.pt/d/anuncio/super-mario-bros-ds-IDHauQk.html
Super Mario Maker 2 Nintendo Switch;40 €;
Negociável;https://www.olx.pt/d/anuncio/super-mario-maker-2-nintendo-switch-IDHbP8g.html;
Super Smash Bros Nintendo Switch;42 €;
Negociável;https://www.olx.pt/d/anuncio/super-smash-bros-nintendo-switch-IDHbP9b.html;
Nintendo NES - Super Mario, Donkey Kong, Megaman, todos os clássicos!;39 €;https://www.olx.pt/d/anuncio/nintendo-nes-super-mario-donkey-kong-megaman-todos-os-clssicos-IDFJKbo.html
Nintendo Switch Lite cinzento;195 €;https://www.olx.pt/d/anuncio/nintendo-switch-lite-cinzento-IDH90t1.html
Coleção de jogos para a Super Nintendo / SNES (originais PAL);400 €;https://www.olx.pt/d/anuncio/coleo-de-jogos-para-a-super-nintendo-snes-originais-pal-IDHgxQk.html
Nintendo Classic Mini: Super Nintendo Entertainment System;180 €;https://www.olx.pt/d/anuncio/nintendo-classic-mini-super-nintendo-entertainment-system-IDGJIUo.html
Consola Nintendo Switch + Jogos;200 €;
Negociável;https://www.olx.pt/d/anuncio/consola-nintendo-switch-jogos-IDHf5y6.html;
Chave 3.8 ou 4.5 mm jogos cartuchos Nintendo, Sega, Pokémon, Game Boy;4 €;https://www.olx.pt/d/anuncio/chave-3-8-ou-4-5-mm-jogos-cartuchos-nintendo-sega-pokmon-game-boy-IDzB7hT.html
Bubsy para Super Nintendo;10 €;https://www.olx.pt/d/anuncio/bubsy-para-super-nintendo-IDFWlrD.html
Nintendo DSi XL Super Mario 25th Anniversary (COMPLETA!);175 €;https://www.olx.pt/d/anuncio/nintendo-dsi-xl-super-mario-25th-anniversary-completa-IDH2ac1.html
Consola SNES Super Mario All Stars (COMPLETA!);349,99 €;https://www.olx.pt/d/anuncio/consola-snes-super-mario-all-stars-completa-IDH2m4T.html
Consola nintendo antiga (NES);115 €;
Negociável;https://www.olx.pt/d/anuncio/consola-nintendo-antiga-nes-IDHeOiq.html;
Super NES Nintendo Scope 6 Super Nintendo (BOM ESTADO!);35 €;https://www.olx.pt/d/anuncio/super-nes-nintendo-scope-6-super-nintendo-bom-estado-IDH5NRy.html
Transformador Super Nintendo SNES - NOVO;12 €;https://www.olx.pt/d/anuncio/transformador-super-nintendo-snes-novo-IDGWCxN.html
Super nintendo + 2comandos+ 4 jogos;170 €;https://www.olx.pt/d/anuncio/super-nintendo-2comandos-4-jogos-IDHbwTV.html
Nintendo 2DS Desbloqueada + Extras Pokémon Sun & Moon;140 €;https://www.olx.pt/d/anuncio/nintendo-2ds-desbloqueada-extras-pokmon-sun-moon-IDHbz9e.html
Vendo Nintendo Wii Edição 25 anos Super Mario;80 €;https://www.olx.pt/d/anuncio/vendo-nintendo-wii-edio-25-anos-super-mario-IDGXdup.html
Super Nintendo + Cabos + Jogos;150 €;https://www.olx.pt/d/anuncio/super-nintendo-cabos-jogos-IDH0xzX.html
Transformador para SNES Super Nintendo e NES;10 €;https://www.olx.pt/d/anuncio/transformador-para-snes-super-nintendo-e-nes-IDGnS2k.html
Super nintendo street Fighter 2 turbo (apenas o jogo);45 €;
Negociável;https://www.olx.pt/d/anuncio/super-nintendo-street-fighter-2-turbo-apenas-o-jogo-IDHc0cv.html;
Nintendo 2DS New Super Mario Bros.2 - Special Edition + JOGO EM CAIXA!;124,99 €;https://www.olx.pt/d/anuncio/nintendo-2ds-new-super-mario-bros-2-special-edition-jogo-em-caixa-IDH5co2.html
Super consola retro com 33400 (psx, N64, dreamcast, Amiga, arcade, psp;76 €;https://www.olx.pt/d/anuncio/super-consola-retro-com-33400-psx-n64-dreamcast-amiga-arcade-psp-IDH1EX2.html
Nintendo Dsi XL Super Mario Bros 25th Anniversary Special Edition;130 €;https://www.olx.pt/d/anuncio/nintendo-dsi-xl-super-mario-bros-25th-anniversary-special-edition-IDH9pFT.html
Super Nintendo cartucho 130 jogos;40 €;https://www.olx.pt/d/anuncio/super-nintendo-cartucho-130-jogos-IDGk1Dn.html
SNES Super Mario All Stars PAL EURO FR (MUITO RARA!);475 €;https://www.olx.pt/d/anuncio/snes-super-mario-all-stars-pal-euro-fr-muito-rara-IDH80fG.html
NES Personalizada Super Mario Bros. 3;145 €;https://www.olx.pt/d/anuncio/nes-personalizada-super-mario-bros-3-IDGZXS8.html
Nintendo Gameboy Classic Special Edition;85 €;https://www.olx.pt/d/anuncio/nintendo-gameboy-classic-special-edition-IDHgcHR.html
Super Mario Bros 3 NES (Nintendo Entertainment System) Completo;65 €;https://www.olx.pt/d/anuncio/super-mario-bros-3-nes-nintendo-entertainment-system-completo-IDHgGj8.html
Super Mário Bros. e Duke Hunt (Nintendo);14 €;https://www.olx.pt/d/anuncio/super-mrio-bros-e-duke-hunt-nintendo-IDHeQvy.html
Super Smash Bros Ultimate Switch;50 €;https://www.olx.pt/d/anuncio/super-smash-bros-ultimate-switch-IDH8WaX.html
"Nintendo Wii Vermelha ""25º Aniversário Super Mario Bros""";140 €;
Negociável;https://www.olx.pt/d/anuncio/nintendo-wii-vermelha-25-aniversrio-super-mario-bros-IDH9sOm.html;
Consola retro Snes;70 €;https://www.olx.pt/d/anuncio/consola-retro-snes-IDH8nX4.html
NES Super Set European Version em caixa;220 €;https://www.olx.pt/d/anuncio/nes-super-set-european-version-em-caixa-IDH4D1z.html
Nintendo Switch Lite Mais Jogos;190 €;
Negociável;https://www.olx.pt/d/anuncio/nintendo-switch-lite-mais-jogos-IDHbzh8.html;
Bolsa para snes mini classic, super Nintendo;15 €;https://www.olx.pt/d/anuncio/bolsa-para-snes-mini-classic-super-nintendo-IDFAQBi.html
Consolas Nintendo Usadas;Troca;https://www.olx.pt/d/anuncio/consolas-nintendo-usadas-IDGgdPI.html
Arcade stick com 33400 jogos (psx, n64, dreamcast, arcade);99 €;https://www.olx.pt/d/anuncio/arcade-stick-com-33400-jogos-psx-n64-dreamcast-arcade-IDH7D1t.html
Nintendo Gamecube | Jogos Completos | Mario Party 4 | Super Mario Suns;35 €;https://www.olx.pt/d/anuncio/nintendo-gamecube-jogos-completos-mario-party-4-super-mario-suns-IDHgE31.html
Super Nintendo mini classic - Mini Snes - 300 jogos;120 €;https://www.olx.pt/d/anuncio/super-nintendo-mini-classic-mini-snes-300-jogos-IDGZu9u.html
Consola com 33400 jogos(psx, dreamcast, n64, Amiga, arcade, snes, etc);75 €;https://www.olx.pt/d/anuncio/consola-com-33400-jogospsx-dreamcast-n64-amiga-arcade-snes-etc-IDH5JV3.html
Consola com 42000 jogos(psx, dreamcast, n64, Amiga, snes, psp, nds…);96 €;https://www.olx.pt/d/anuncio/consola-com-42000-jogospsx-dreamcast-n64-amiga-snes-psp-nds-IDH5JXc.html
Super Mario Bros 2 para Nintendo 3DS;25 €;
Negociável;https://www.olx.pt/d/anuncio/super-mario-bros-2-para-nintendo-3ds-IDHgByS.html;
Bazuca Super Nintendo SNES Scope 6 (VERSÃO PT!);125 €;https://www.olx.pt/d/anuncio/bazuca-super-nintendo-snes-scope-6-verso-pt-IDH7cfU.html
Nintendo Switch V1 32gb(+8gb) + jogos + acessórios + mala transporte;230 €;https://www.olx.pt/d/anuncio/nintendo-switch-v1-32gb-8gb-jogos-acessrios-mala-transporte-IDHgI6N.html
Nintendo Game & Watch – Super Mario Bros. (SELADA+CAIXA DE PROTEÇÃO!);46,50 €;https://www.olx.pt/d/anuncio/nintendo-game-watch-super-mario-bros-selada-caixa-de-proteo-IDH4LYR.html
Coleção de jogos para a Super Nintendo / SNES (originais PAL);400 €;https://www.olx.pt/d/anuncio/coleo-de-jogos-para-a-super-nintendo-snes-originais-pal-IDHgxQk.html
Nintendo NES - Super Mario, Donkey Kong, Megaman, todos os clássicos!;39 €;https://www.olx.pt/d/anuncio/nintendo-nes-super-mario-donkey-kong-megaman-todos-os-clssicos-IDFJKbo.html
Nintendo Switch Lite cinzento;195 €;https://www.olx.pt/d/anuncio/nintendo-switch-lite-cinzento-IDH90t1.html
Nintendo Game & Watch – Super Mario Bros. (SELADA+CAIXA DE PROTEÇÃO!);46,50 €;https://www.olx.pt/d/anuncio/nintendo-game-watch-super-mario-bros-selada-caixa-de-proteo-IDH4LYR.html
Nintendo Dsi rara Pokémon Black;114 €;
Negociável;https://www.olx.pt/d/anuncio/nintendo-dsi-rara-pokmon-black-IDHfwU6.html;
Consola com 42000 jogos (psx, n64,dreamcast, Amiga, psp, nds, arcade);96 €;https://www.olx.pt/d/anuncio/consola-com-42000-jogos-psx-n64-dreamcast-amiga-psp-nds-arcade-IDH5Jvv.html
Cabo Dreamcast nintendo tv, super nintendo nintendo 64, USB-C;10 €;https://www.olx.pt/d/anuncio/cabo-dreamcast-nintendo-tv-super-nintendo-nintendo-64-usb-c-IDDcbPT.html
Nintendo 3ds Lego Marvel Super Heróis Universo em Perigo;5 €;https://www.olx.pt/d/anuncio/nintendo-3ds-lego-marvel-super-heris-universo-em-perigo-IDFUA97.html
Consola power box com 33400 jogos (arcade, psx, dreamcast, n64, etc);76 €;https://www.olx.pt/d/anuncio/consola-power-box-com-33400-jogos-arcade-psx-dreamcast-n64-etc-IDH7GHC.html
PlayStation PSP Portable 3004;65 €;https://www.olx.pt/d/anuncio/playstation-psp-portable-3004-IDHgcHO.html
Nintendo wii Com jogos;50 €;https://www.olx.pt/d/anuncio/nintendo-wii-com-jogos-IDHeuAS.html
Nintendo Wii preta;100 €;
Negociável;https://www.olx.pt/d/anuncio/nintendo-wii-preta-IDGhjj0.html;
Consola android com 42000 jogos;96 €;https://www.olx.pt/d/anuncio/consola-android-com-42000-jogos-IDH94XU.html
Nintendo 2DS Desbloqueada + Extras Pokémon Sun & Moon;140 €;https://www.olx.pt/d/anuncio/nintendo-2ds-desbloqueada-extras-pokmon-sun-moon-IDHbz9e.html
Nintendo Super Famicom;160 €;https://www.olx.pt/d/anuncio/nintendo-super-famicom-IDGT2uM.html
NES praticamente nova (3 jogos e 1 comando);110 €;
Negociável;https://www.olx.pt/d/anuncio/nes-praticamente-nova-3-jogos-e-1-comando-IDHdldn.html;
Consola Nintendo 3DS;130 €;https://www.olx.pt/d/anuncio/consola-nintendo-3ds-IDGLzZD.html
Super Mario Maker 2;40 €;https://www.olx.pt/d/anuncio/super-mario-maker-2-IDGU9vK.html
NES LUIGI VERDE NÉON (Personalizada!);135 €;https://www.olx.pt/d/anuncio/nes-luigi-verde-non-personalizada-IDH3iA1.html
Jogos Super Nintendo SNES;10 €;https://www.olx.pt/d/anuncio/jogos-super-nintendo-snes-IDGkyvK.html
Nintendo Switch V2, como nova, garatia e capas.;335 €;https://www.olx.pt/d/anuncio/nintendo-switch-v2-como-nova-garatia-e-capas-IDHeD6W.html
Jogo Kirby's Dream Course;30 €;https://www.olx.pt/d/anuncio/jogo-kirbys-dream-course-IDHcOwL.html
NES Super Mario Bros. 3 EUROPA VERSION (Completa!);350 €;https://www.olx.pt/d/anuncio/nes-super-mario-bros-3-europa-version-completa-IDH1ZJy.html
SEGA Mega Drive I;45 €;https://www.olx.pt/d/anuncio/sega-mega-drive-i-IDHgcBA.html
Super Nintendo Mini;125 €;
Negociável;https://www.olx.pt/d/anuncio/super-nintendo-mini-IDH5Azc.html;
Super Nintendo (SNES) Desbloqueada;90 €;https://www.olx.pt/d/anuncio/super-nintendo-snes-desbloqueada-IDH74bP.html
Chapéu OFICIAL SNES Super Nintendo (excelente estado!);35 €;https://www.olx.pt/d/anuncio/chapu-oficial-snes-super-nintendo-excelente-estado-IDH5NVz.html
GAMEBIT - Chave para Nintendo | Sega - Full-Set - NOVO;12,90 €;https://www.olx.pt/d/anuncio/gamebit-chave-para-nintendo-sega-full-set-novo-IDFMJD4.html
Bolsa nintendo 3ds/ds super mario;10 €;https://www.olx.pt/d/anuncio/bolsa-nintendo-3ds-ds-super-mario-IDGEmaW.html
Pacote Nintendo Switch Lite (turquesa);250 €;https://www.olx.pt/d/anuncio/pacote-nintendo-switch-lite-turquesa-IDGZOeX.html
Consola Nova Nintendo -650 Jogos;59 €;https://www.olx.pt/d/anuncio/consola-nova-nintendo-650-jogos-IDGK1Ic.html
SEGA Mega Drive I;45 €;https://www.olx.pt/d/anuncio/sega-mega-drive-i-IDHeUTS.html
Jogos Originais Nintendo;25 €;
Negociável;https://www.olx.pt/d/anuncio/jogos-originais-nintendo-IDFPOTx.html;
CONSOLA COMANDO Diversas Consolas Portáteis Diversos Comandos;380 €;
Negociável;https://www.olx.pt/d/anuncio/consola-comando-diversas-consolas-portteis-diversos-comandos-IDEhqIN.html;
Super Mario 3D All Stars;45 €;https://www.olx.pt/d/anuncio/super-mario-3d-all-stars-IDGU9w7.html
Nintendo Wii Gamecube desbloqueado+ jogos + comandos;120 €;https://www.olx.pt/d/anuncio/nintendo-wii-gamecube-desbloqueado-jogos-comandos-IDHetUN.html
Nintendo Wii/ Gamecube desbloqueado + jogos + comandos;95 €;https://www.olx.pt/d/anuncio/nintendo-wii-gamecube-desbloqueado-jogos-comandos-IDHe0z3.html
Jogo SNES SUPER STAR WARS Super Nintendo (BOM ESTADO!);60 €;https://www.olx.pt/d/anuncio/jogo-snes-super-star-wars-super-nintendo-bom-estado-IDH63L0.html
Nintendo wii como nova;80 €;https://www.olx.pt/d/anuncio/nintendo-wii-como-nova-IDHfAca.html
BAZUCA Nintendo SNES Scope 6 VERSÃO PT (COMO NOVA MESMO!);160 €;https://www.olx.pt/d/anuncio/bazuca-nintendo-snes-scope-6-verso-pt-como-nova-mesmo-IDHdHES.html
Super Nintendo, Snes 14 jogos 2 comandos;300 €;https://www.olx.pt/d/anuncio/super-nintendo-snes-14-jogos-2-comandos-IDHb8Qy.html
Jogo de ferramentas para várias consolas Nintendo Sega;10 €;https://www.olx.pt/d/anuncio/jogo-de-ferramentas-para-vrias-consolas-nintendo-sega-IDGllkh.html
Super Mario All Star SNES com Caixa e Manual Versão PAL;96 €;https://www.olx.pt/d/anuncio/super-mario-all-star-snes-com-caixa-e-manual-verso-pal-IDH0uII.html
Jogo NES - Super Mario Bros. 2;35 €;https://www.olx.pt/d/anuncio/jogo-nes-super-mario-bros-2-IDH97d8.html
Nintendo NES - Super Mario, Donkey Kong, Megaman, todos os clássicos!;39 €;https://www.olx.pt/d/anuncio/nintendo-nes-super-mario-donkey-kong-megaman-todos-os-clssicos-IDFJKbo.html
Nintendo 2DS Desbloqueada + Extras Pokémon Sun & Moon;140 €;https://www.olx.pt/d/anuncio/nintendo-2ds-desbloqueada-extras-pokmon-sun-moon-IDHbz9e.html
Coleção de jogos para a Super Nintendo / SNES (originais PAL);400 €;https://www.olx.pt/d/anuncio/coleo-de-jogos-para-a-super-nintendo-snes-originais-pal-IDHgxQk.html
GAMEBIT - Chave para Nintendo | Sega - All-in-One - NOVA;7,90 €;https://www.olx.pt/d/anuncio/gamebit-chave-para-nintendo-sega-all-in-one-nova-IDAIsl0.html
Nintendo Wii Mini + 2 Comandos + 3 Jogos;50 €;https://www.olx.pt/d/anuncio/nintendo-wii-mini-2-comandos-3-jogos-IDH79CQ.html
Nintendo, Nes Consola em Caixa - Control Deck 2 Comandos + Jogo;150 €;https://www.olx.pt/d/anuncio/nintendo-nes-consola-em-caixa-control-deck-2-comandos-jogo-IDH7ZnE.html
Jogo antigo Winter Olympics para consola retro;10 €;https://www.olx.pt/d/anuncio/jogo-antigo-winter-olympics-para-consola-retro-IDGe0av.html
PS4 / PS5 FIFA 2021 jogo novo;20 €;https://www.olx.pt/d/anuncio/ps4-ps5-fifa-2021-jogo-novo-IDGSOPT.html
2 jogos Wiiu Nintendo land zombi zombiu zombie nintendoland wii u;25 €;
Negociável;https://www.olx.pt/d/anuncio/2-jogos-wiiu-nintendo-land-zombi-zombiu-zombie-nintendoland-wii-u-IDEMURA.html;
SNES Super Nintendo Stereo A/V Cable RCA VERSÃO PT (SELADO!);45 €;https://www.olx.pt/d/anuncio/snes-super-nintendo-stereo-a-v-cable-rca-verso-pt-selado-IDH7coB.html
Nintendo Gameboy / Game boy ( Mario - Donkey Kong );10 €;https://www.olx.pt/d/anuncio/nintendo-gameboy-game-boy-mario-donkey-kong-IDH3asi.html
Jogo Super Probotector - aliens rebels;50 €;https://www.olx.pt/d/anuncio/jogo-super-probotector-aliens-rebels-IDHcOwc.html
Instruções raras super Mário all stars (super Nintendo / snes);30 €;https://www.olx.pt/d/anuncio/instrues-raras-super-mrio-all-stars-super-nintendo-snes-IDCkN8O.html
Nintendo Switch Lite cinzento;195 €;https://www.olx.pt/d/anuncio/nintendo-switch-lite-cinzento-IDH90t1.html
Jogos Nintendo para consola NES;50 €;https://www.olx.pt/d/anuncio/jogos-nintendo-para-consola-nes-IDHeOhV.html
Nintendo Switch + Jogos + Acessórios + Bolsa Transportadora + Pelicula;200 €;
Negociável;https://www.olx.pt/d/anuncio/nintendo-switch-jogos-acessrios-bolsa-transportadora-pelicula-IDHavDz.html;
Nintendo switch (desbloqueado) edição super smash bros;500 €;
Negociável;https://www.olx.pt/d/anuncio/nintendo-switch-desbloqueado-edio-super-smash-bros-IDGhNbq.html;
Consola Nintendo Wii U 32GB + 3 Jogos;120 €;
Negociável;https://www.olx.pt/d/anuncio/consola-nintendo-wii-u-32gb-3-jogos-IDHc36k.html;
Super Mario Maker - Wii U;30 €;https://www.olx.pt/d/anuncio/super-mario-maker-wii-u-IDHd9IC.html
Nintendo switch com jogos;800 €;
Negociável;https://www.olx.pt/d/anuncio/nintendo-switch-com-jogos-IDGU22O.html;
Consola Android com 10000 arcade e de consolas;65 €;https://www.olx.pt/d/anuncio/consola-android-com-10000-arcade-e-de-consolas-IDH5CY4.html
Nintendo Switch + Jogos + Mala + Protecção de Ecrã Anti-Riscos;600 €;https://www.olx.pt/d/anuncio/nintendo-switch-jogos-mala-proteco-de-ecr-anti-riscos-IDHe9FR.html
Nintendo Wii branca + Acessórios + Super Mario Galaxy & Wii Sports;50 €;https://www.olx.pt/d/anuncio/nintendo-wii-branca-acessrios-super-mario-galaxy-wii-sports-IDHeZZz.html
Wii cheia de emuladores e milhares de jogos;79,90 €;https://www.olx.pt/d/anuncio/wii-cheia-de-emuladores-e-milhares-de-jogos-IDH5iJE.html
Secret of mana super nintendo Snes;90 €;https://www.olx.pt/d/anuncio/secret-of-mana-super-nintendo-snes-IDGGlFL.html
Nintendo Switch V2 com mala de transporte;270 €;
Negociável;https://www.olx.pt/d/anuncio/nintendo-switch-v2-com-mala-de-transporte-IDGzRcA.html;
Comando Classico Pro controlador joystick Nintendo WII NOVO;9,99 €;https://www.olx.pt/d/anuncio/comando-classico-pro-controlador-joystick-nintendo-wii-novo-IDFEV7o.html
Super Street Basket Ball 2 - Gameboy;10 €;https://www.olx.pt/d/anuncio/super-street-basket-ball-2-gameboy-IDHc0yB.html
Consolas de jogos comandos e peças;5 €;https://www.olx.pt/d/anuncio/consolas-de-jogos-comandos-e-peas-IDG1Q7P.html
Consola com 1400 jogos;35 €;https://www.olx.pt/d/anuncio/consola-com-1400-jogos-IDGbxKR.html
Jogos para a Wii;18 €;https://www.olx.pt/d/anuncio/jogos-para-a-wii-IDGnqRL.html
Consola Nitendo 2DS;50 €;https://www.olx.pt/d/anuncio/consola-nitendo-2ds-IDHgBMm.html
Conjunto SEGA Dreamcast;270 €;
Negociável;https://www.olx.pt/d/anuncio/conjunto-sega-dreamcast-IDHgcHl.html;
Nintendo 64 + 3 jogos;300 €;https://www.olx.pt/d/anuncio/nintendo-64-3-jogos-IDHdqa8.html
Nintendo 64 com jogos e acessórios;150 €;https://www.olx.pt/d/anuncio/nintendo-64-com-jogos-e-acessrios-IDGYI77.html
Nintendo Wii Mini Mário Kart;150 €;
Negociável;https://www.olx.pt/d/anuncio/nintendo-wii-mini-mrio-kart-IDGoqDd.html;
Nintendo Wii NTSC completa jogo Mario + caixa manuais;149 €;https://www.olx.pt/d/anuncio/nintendo-wii-ntsc-completa-jogo-mario-caixa-manuais-IDFGOul.html
Super Nintendo Classic Mini - Nova na caixa;120 €;https://www.olx.pt/d/anuncio/super-nintendo-classic-mini-nova-na-caixa-IDGliii.html
Jogo antigo Super Mario & Sonic 2;10 €;https://www.olx.pt/d/anuncio/jogo-antigo-super-mario-sonic-2-IDCyo04.html
Consola 10000 jogos Retro (Arcade, Nintendo, PS1, Gameboy, Mega Drive);75 €;https://www.olx.pt/d/anuncio/consola-10000-jogos-retro-arcade-nintendo-ps1-gameboy-mega-drive-IDF9nKH.html
New nintendo 3ds XL desbloqueada;140 €;https://www.olx.pt/d/anuncio/new-nintendo-3ds-xl-desbloqueada-IDHbSzJ.html
Conjunto SEGA Dreamcast;270 €;
Negociável;https://www.olx.pt/d/anuncio/conjunto-sega-dreamcast-IDHeLTS.html;
Super Nintendo - SNES completa na caixa;250 €;https://www.olx.pt/d/anuncio/super-nintendo-snes-completa-na-caixa-IDH1ZRf.html
Jogo SNES Super Nintendo Super Off Road na Caixa Original Pinball Mask;60 €;https://www.olx.pt/d/anuncio/jogo-snes-super-nintendo-super-off-road-na-caixa-original-pinball-mask-IDFI1o9.html
Nintendo NES - Super Mario, Donkey Kong, Megaman, todos os clássicos!;39 €;https://www.olx.pt/d/anuncio/nintendo-nes-super-mario-donkey-kong-megaman-todos-os-clssicos-IDFJKbo.html
Nintendo Switch Lite cinzento;195 €;https://www.olx.pt/d/anuncio/nintendo-switch-lite-cinzento-IDH90t1.html
Coleção de jogos para a Super Nintendo / SNES (originais PAL);400 €;https://www.olx.pt/d/anuncio/coleo-de-jogos-para-a-super-nintendo-snes-originais-pal-IDHgxQk.html
Consola Family Game Famiclone Nintendo NES;70 €;
Negociável;https://www.olx.pt/d/anuncio/consola-family-game-famiclone-nintendo-nes-IDHfZB3.html;
Vendo Nintendo 2ds em excelente estado com carregador.;65 €;
Negociável;https://www.olx.pt/d/anuncio/vendo-nintendo-2ds-em-excelente-estado-com-carregador-IDGW7qr.html;
Super Nintendo: promocionais + poster +flyer +postal +garantia Snes;20 €;https://www.olx.pt/d/anuncio/super-nintendo-promocionais-poster-flyer-postal-garantia-snes-IDDtaDQ.html
Jogos Nintendo 64, 2 memory Cards;100 €;https://www.olx.pt/d/anuncio/jogos-nintendo-64-2-memory-cards-IDEKxAa.html
Nintendo Switch com garantia + 3 jogos;329 €;https://www.olx.pt/d/anuncio/nintendo-switch-com-garantia-3-jogos-IDHeea5.html
Nintendo Switch - 2 Jogos - Com caixa e acessórios;300 €;
Negociável;https://www.olx.pt/d/anuncio/nintendo-switch-2-jogos-com-caixa-e-acessrios-IDGXs2W.html;
Pack Nintendo - NES - Tudo original;200 €;https://www.olx.pt/d/anuncio/pack-nintendo-nes-tudo-original-IDGV0uH.html
Figuras 22cm New Super Mario Bros. 2 (NOVAS!);22,50 €;https://www.olx.pt/d/anuncio/figuras-22cm-new-super-mario-bros-2-novas-IDH8i2M.html
Nintendo switch + Mario 3D All-Stars + Nintendo Labo;200 €;https://www.olx.pt/d/anuncio/nintendo-switch-mario-3d-all-stars-nintendo-labo-IDH5k9h.html
Consola Mario Kart Wii Pack SELO IGAC (TODA COMPLETA!);109,99 €;https://www.olx.pt/d/anuncio/consola-mario-kart-wii-pack-selo-igac-toda-completa-IDH4jzw.html
Nintendo 2DS Desbloqueada + Extras Pokémon Sun & Moon;140 €;https://www.olx.pt/d/anuncio/nintendo-2ds-desbloqueada-extras-pokmon-sun-moon-IDHbz9e.html
Consola Nintendo 2DS;120 €;
Negociável;https://www.olx.pt/d/anuncio/consola-nintendo-2ds-IDH6snU.html;
Vendo Nintendo Switch;500 €;https://www.olx.pt/d/anuncio/vendo-nintendo-switch-IDGIpf2.html
Vendo Nintendo 64 com jogos e 2 comandos;350 €;
Negociável;https://www.olx.pt/d/anuncio/vendo-nintendo-64-com-jogos-e-2-comandos-IDHfAQX.html;
Nintendo 2DS Pókemon edition;125 €;https://www.olx.pt/d/anuncio/nintendo-2ds-pkemon-edition-IDGSAsP.html
Consola TV com jogos clássicos - Sega - Nintendo - Gameboy - Branca;50 €;https://www.olx.pt/d/anuncio/consola-tv-com-jogos-clssicos-sega-nintendo-gameboy-branca-IDHcDBu.html
Lego 71374 Nintendo Entertainment System - Super Mario;229 €;https://www.olx.pt/d/anuncio/lego-71374-nintendo-entertainment-system-super-mario-IDCs0It.html
Jogo antigo Super Mario & Sonic 2;10 €;https://www.olx.pt/d/anuncio/jogo-antigo-super-mario-sonic-2-IDFCdRL.html
Consola TV com jogos clássicos Sega Nintendo Megadrive Gameboy TVGAME;45 €;https://www.olx.pt/d/anuncio/consola-tv-com-jogos-clssicos-sega-nintendo-megadrive-gameboy-tvgame-IDGRAkY.html
Coleção Super Nintendo;800 €;https://www.olx.pt/d/anuncio/coleo-super-nintendo-IDH00xt.html
Consola Nintendo Wii;100 €;
Negociável;https://www.olx.pt/d/anuncio/consola-nintendo-wii-IDHctHJ.html;
Vendo Consola Nintendo Switch V2 + Jogos + Acessórios;491 €;https://www.olx.pt/d/anuncio/vendo-consola-nintendo-switch-v2-jogos-acessrios-IDHgvHX.html
Troco playstation 3 completa;Troca;https://www.olx.pt/d/anuncio/troco-playstation-3-completa-IDGrXag.html
Nintendo Switch V2 Cinza C/Jogos e Garantia;325 €;https://www.olx.pt/d/anuncio/nintendo-switch-v2-cinza-c-jogos-e-garantia-IDH3Jcn.html
Jogo SNES Starwing Super Nintendo (VERSÃO PT!);34,99 €;https://www.olx.pt/d/anuncio/jogo-snes-starwing-super-nintendo-verso-pt-IDH6vvd.html
Consola TV jogos clássicos - Sega - Nintendo Megadrive - Gameboy 64GB;45 €;https://www.olx.pt/d/anuncio/consola-tv-jogos-clssicos-sega-nintendo-megadrive-gameboy-64gb-IDHbtaT.html
Wii excelente maquina retro (ler descrição);60 €;https://www.olx.pt/d/anuncio/wii-excelente-maquina-retro-ler-descrio-IDHek7y.html
Logotipos N64 / Nintendo 64 (100% QUALIDADE!);12,50 €;https://www.olx.pt/d/anuncio/logotipos-n64-nintendo-64-100-qualidade-IDH60hC.html
Jogos nintendo 64 , comandos (memory card), jogos Nes;20 €;
Negociável;https://www.olx.pt/d/anuncio/jogos-nintendo-64-comandos-memory-card-jogos-nes-IDH3etN.html;
Jogo SNES Jurassic Park Versão PT Super Nintendo (BOM ESTADO!);65 €;https://www.olx.pt/d/anuncio/jogo-snes-jurassic-park-verso-pt-super-nintendo-bom-estado-IDH63I7.html
Consola portátil PXP 3 de 16 BIT com jogos da Mega Drive e Nintendo;38 €;https://www.olx.pt/d/anuncio/consola-porttil-pxp-3-de-16-bit-com-jogos-da-mega-drive-e-nintendo-IDCiDeB.html
New Nintendo 3DS XL + Jogos+ carregador+mala de transporte;200 €;https://www.olx.pt/d/anuncio/new-nintendo-3ds-xl-jogos-carregador-mala-de-transporte-IDH6LhS.html
Mega Bundle Nintendo Wii U 32GB Premium + 8 jogos Wii Board etc;199 €;https://www.olx.pt/d/anuncio/mega-bundle-nintendo-wii-u-32gb-premium-8-jogos-wii-board-etc-IDHdf8L.html
NINTENDO 3DS + carregador + 6 jogos;120 €;
Negociável;https://www.olx.pt/d/anuncio/nintendo-3ds-carregador-6-jogos-IDHgkRZ.html;
Jogo Nintendo 3DS Super Mario 3D Land;20 €;https://www.olx.pt/d/anuncio/jogo-nintendo-3ds-super-mario-3d-land-IDBgLHP.html
Nintendo Switch, 3DS e DS (Pokemon HeartGold, Metroid, Mega Man,etc.);250 €;
Negociável;https://www.olx.pt/d/anuncio/nintendo-switch-3ds-e-ds-pokemon-heartgold-metroid-mega-man-etc-IDH8oPT.html;
Nintendo Switch V1 + mala + 8 jogos + acessórios (ler tudo);230 €;https://www.olx.pt/d/anuncio/nintendo-switch-v1-mala-8-jogos-acessrios-ler-tudo-IDHgsPF.html
Revistas consola e computador dos anos 90 sega nintendo megadrive;4 €;https://www.olx.pt/d/anuncio/revistas-consola-e-computador-dos-anos-90-sega-nintendo-megadrive-IDHg5r6.html
Mario Kart Wii + New Super Mario Bros. |Nintendo Wii | *2 Jogos*;30 €;https://www.olx.pt/d/anuncio/mario-kart-wii-new-super-mario-bros-nintendo-wii-2-jogos-IDHf8ZC.html
Jogo SNES Toy Story Versão PT Super Nintendo;45 €;https://www.olx.pt/d/anuncio/jogo-snes-toy-story-verso-pt-super-nintendo-IDH5NNa.html
Nintendo Switch Lite cinzento;195 €;https://www.olx.pt/d/anuncio/nintendo-switch-lite-cinzento-IDH90t1.html
Nintendo 2DS Desbloqueada + Extras Pokémon Sun & Moon;140 €;https://www.olx.pt/d/anuncio/nintendo-2ds-desbloqueada-extras-pokmon-sun-moon-IDHbz9e.html
Nintendo NES - Super Mario, Donkey Kong, Megaman, todos os clássicos!;39 €;https://www.olx.pt/d/anuncio/nintendo-nes-super-mario-donkey-kong-megaman-todos-os-clssicos-IDFJKbo.html
SNES Buster Busts Loose! Versão PT Super Nintendo (COMPLETO!);40 €;https://www.olx.pt/d/anuncio/snes-buster-busts-loose-verso-pt-super-nintendo-completo-IDH5NOB.html
SNES Indy Car featuring Nigel Mansell Super Nintendo (VERSÃO PT!);24,99 €;https://www.olx.pt/d/anuncio/snes-indy-car-featuring-nigel-mansell-super-nintendo-verso-pt-IDH5soE.html
SNES F-ZERO Super Nintendo (VERSÃO PT!);54,99 €;https://www.olx.pt/d/anuncio/snes-f-zero-super-nintendo-verso-pt-IDH5snd.html
SNES UN SQUADRON Versão PT Super Nintendo (RARO & COMPLETO!);145 €;https://www.olx.pt/d/anuncio/snes-un-squadron-verso-pt-super-nintendo-raro-completo-IDH5nyL.html
Nintendo Wii: Consolas | Acessórios | Comandos | Jogos | etc..;300 €;https://www.olx.pt/d/anuncio/nintendo-wii-consolas-acessrios-comandos-jogos-etc-IDEKPyx.html
Consola Nintendo NES em caixa e 2 Jogos;176 €;https://www.olx.pt/d/anuncio/consola-nintendo-nes-em-caixa-e-2-jogos-IDFFc4e.html
Nintendo Gameboy Advance;80 €;https://www.olx.pt/d/anuncio/nintendo-gameboy-advance-IDHf9aI.html
Nintendo 3DS | Jogos em caixa | Smash Bros | Fire EmblemFates;20 €;
Negociável;https://www.olx.pt/d/anuncio/nintendo-3ds-jogos-em-caixa-smash-bros-fire-emblemfates-IDGNp41.html;
Consola Nintendo DSi com vários artigos;55 €;https://www.olx.pt/d/anuncio/consola-nintendo-dsi-com-vrios-artigos-IDvnL6Q.html
PS TV (Playstation TV ou PS vita TV);120 €;https://www.olx.pt/d/anuncio/ps-tv-playstation-tv-ou-ps-vita-tv-IDHbLmA.html
Coleção de jogos para a Super Nintendo / SNES (originais PAL);400 €;https://www.olx.pt/d/anuncio/coleo-de-jogos-para-a-super-nintendo-snes-originais-pal-IDHgxQk.html
Wii Desbloqueada e HD 500 GB com 150 jogos;50 €;https://www.olx.pt/d/anuncio/wii-desbloqueada-e-hd-500-gb-com-150-jogos-IDGKAzS.html
Jogos Nintendo Wii - Impecáveis - Com Caixa.;100 €;https://www.olx.pt/d/anuncio/jogos-nintendo-wii-impecveis-com-caixa-IDASwn8.html
Nintendo - Jogos Cartuchos Famicom e Famiclone;9 €;https://www.olx.pt/d/anuncio/nintendo-jogos-cartuchos-famicom-e-famiclone-IDHdIxQ.html
Nintendo Mario's Bombs Away [TB-94] 1983 completo;420 €;https://www.olx.pt/d/anuncio/nintendo-marios-bombs-away-tb-94-1983-completo-IDG5qRG.html
Conjunto de Consola NINTENDO Wii - Diversos Jogos e Acessórios;280 €;https://www.olx.pt/d/anuncio/conjunto-de-consola-nintendo-wii-diversos-jogos-e-acessrios-IDHaShY.html
Nintendo Dsi XL – Super Mario Bros 25th Anniversary Special Edition;250 €;https://www.olx.pt/d/anuncio/nintendo-dsi-xl-super-mario-bros-25th-anniversary-special-edition-IDGQ3Se.html
Jogos Super Nintendo Snes JAP;4 €;https://www.olx.pt/d/anuncio/jogos-super-nintendo-snes-jap-IDHczoB.html
Nintendo WII / WII U | Jogos Completos | Mario | Resort Sports | RAROS;6 €;https://www.olx.pt/d/anuncio/nintendo-wii-wii-u-jogos-completos-mario-resort-sports-raros-IDHgE3l.html
Retro games box android;Troca;https://www.olx.pt/d/anuncio/retro-games-box-android-IDFZBTs.html
Nintendo 3DS Desbloqueada + Extras;125 €;https://www.olx.pt/d/anuncio/nintendo-3ds-desbloqueada-extras-IDHdccK.html
Consola GameBoy Color + Jogos;120 €;
Negociável;https://www.olx.pt/d/anuncio/consola-gameboy-color-jogos-IDGYxaj.html;
Wii desbloqueada com mais de 2000 jogos;75 €;https://www.olx.pt/d/anuncio/wii-desbloqueada-com-mais-de-2000-jogos-IDH2Rso.html
nintendo wii desbloqueada com jogos retro;45 €;https://www.olx.pt/d/anuncio/nintendo-wii-desbloqueada-com-jogos-retro-IDG9lum.html
Nintendo switch desbloqueada;295 €;https://www.olx.pt/d/anuncio/nintendo-switch-desbloqueada-IDGWTyO.html
Nintendo DS com jogos (pokemon mario chrono trigger e +);15 €;https://www.olx.pt/d/anuncio/nintendo-ds-com-jogos-pokemon-mario-chrono-trigger-e-IDHb7qC.html
RETROGAMING - Jogos Nintendo Game Boy;5 €;https://www.olx.pt/d/anuncio/retrogaming-jogos-nintendo-game-boy-IDGSgd1.html
Cabos Playstation, Nintendo e XBOX;24,90 €;https://www.olx.pt/d/anuncio/cabos-playstation-nintendo-e-xbox-IDtQrzh.html
Nintendo NES + 11 jogos;250 €;https://www.olx.pt/d/anuncio/nintendo-nes-11-jogos-IDGd10G.html
Bonecos e cosolas, Nintendo, Pokémon, Hasbro, Tomy, Tyger;10 €;https://www.olx.pt/d/anuncio/bonecos-e-cosolas-nintendo-pokmon-hasbro-tomy-tyger-IDH9U4E.html
Grande Colecção Nintendo DS;500 €;https://www.olx.pt/d/anuncio/grande-coleco-nintendo-ds-IDFzg4U.html
Nintendo DS / 3DS | Jogos | Pokemon | Acessórios | Smash Bros | Outros;5 €;
Negociável;https://www.olx.pt/d/anuncio/nintendo-ds-3ds-jogos-pokemon-acessrios-smash-bros-outros-IDHgE39.html;
Pack Nintendo Switch Lite 120gb + 3 Jogos Fisicos + (Extras de Oferta);330 €;
Negociável;https://www.olx.pt/d/anuncio/pack-nintendo-switch-lite-120gb-3-jogos-fisicos-extras-de-oferta-IDGqJeQ.html;
N64 Jogos Buck Bumble ISS Soccer The New Tetris Wave Race Nintendo 64;90 €;https://www.olx.pt/d/anuncio/n64-jogos-buck-bumble-iss-soccer-the-new-tetris-wave-race-nintendo-64-IDFKBIm.html
Data Frog 8Bits_HDMI;30 €;https://www.olx.pt/d/anuncio/data-frog-8bits-hdmi-IDGPlnr.html
Portátil / Laptop ASUS M3000N + oferta mala ASUS;40 €;
Negociável;https://www.olx.pt/d/anuncio/porttil-laptop-asus-m3000n-oferta-mala-asus-IDGZNQm.html;
Jogo SNES Mortal Kombat II (c/ caixa e manual);60 €;https://www.olx.pt/d/anuncio/jogo-snes-mortal-kombat-ii-c-caixa-e-manual-IDH5NLl.html
Nintendo Switch V2 (32 GB) + Capa Mala + Pokemon Sword + CartãoSD128GB;270 €;
Negociável;https://www.olx.pt/d/anuncio/nintendo-switch-v2-32-gb-capa-mala-pokemon-sword-cartosd128gb-IDGYXNY.html;
Nintendo Switch, 3DS, DS (Pokemon, Mario, Metroid) e jogos PS5;450 €;
Negociável;https://www.olx.pt/d/anuncio/nintendo-switch-3ds-ds-pokemon-mario-metroid-e-jogos-ps5-IDH8oKN.html;
Jogos para Sega Mega Drive II e jogos para a Snes;30 €;
Negociável;https://www.olx.pt/d/anuncio/jogos-para-sega-mega-drive-ii-e-jogos-para-a-snes-IDuUVUr.html;
Xbox original com jogos desbloqueada;70 €;
Negociável;https://www.olx.pt/d/anuncio/xbox-original-com-jogos-desbloqueada-IDGXRsE.html;
Coleção de jogos para a Super Nintendo / SNES (originais PAL);400 €;https://www.olx.pt/d/anuncio/coleo-de-jogos-para-a-super-nintendo-snes-originais-pal-IDHgxQk.html
Nintendo Switch Lite cinzento;195 €;https://www.olx.pt/d/anuncio/nintendo-switch-lite-cinzento-IDH90t1.html
Nintendo 2DS Desbloqueada + Extras Pokémon Sun & Moon;140 €;https://www.olx.pt/d/anuncio/nintendo-2ds-desbloqueada-extras-pokmon-sun-moon-IDHbz9e.html
Jogos Nintendo DS e 3DS s/ caixa;110 €;https://www.olx.pt/d/anuncio/jogos-nintendo-ds-e-3ds-s-caixa-IDGsOUD.html
Consola RetroGaming, exclusiva;230 €;
Negociável;https://www.olx.pt/d/anuncio/consola-retrogaming-exclusiva-IDH7ooU.html;
Consola Retro com 19000 Jogos Retro | Consola Android | Box Android;40 €;https://www.olx.pt/d/anuncio/consola-retro-com-19000-jogos-retro-consola-android-box-android-IDFIlqF.html
Z650 Comando Controlador USB para xbox 360 & Slim PC vibração dupla;22,90 €;https://www.olx.pt/d/anuncio/z650-comando-controlador-usb-para-xbox-360-slim-pc-vibrao-dupla-IDH54GB.html
Consola Retrogaming Android box com 128GB, e mais de 10mil jogos;60 €;https://www.olx.pt/d/anuncio/consola-retrogaming-android-box-com-128gb-e-mais-de-10mil-jogos-IDHdmFA.html
Playstation 4 Pro 1 TB Firmware 9.00;300 €;https://www.olx.pt/d/anuncio/playstation-4-pro-1-tb-firmware-9-00-IDHghZy.html
Comando Novo USB Xbox 360 e PC (Microsoft Windows, Mac) - Plug&Play;25,99 €;https://www.olx.pt/d/anuncio/comando-novo-usb-xbox-360-e-pc-microsoft-windows-mac-plug-play-IDBMRHU.html
Retrostation GTX + 34000 Jogos retro comandos SEM fios | Consola Retro;169 €;https://www.olx.pt/d/anuncio/retrostation-gtx-34000-jogos-retro-comandos-sem-fios-consola-retro-IDGZldN.html
Coleção completa 3 números Batman vs Predador DC e Dark Horse de 1996;40 €;https://www.olx.pt/d/anuncio/coleo-completa-3-nmeros-batman-vs-predador-dc-e-dark-horse-de-1996-IDtEJ6p.html
Jogos Nintendo 64 N64 (Lista de A a Z);10 €;https://www.olx.pt/d/anuncio/jogos-nintendo-64-n64-lista-de-a-a-z-IDHbbJZ.html
Nintendo NES - Super Mario, Donkey Kong, Megaman, todos os clássicos!;39 €;https://www.olx.pt/d/anuncio/nintendo-nes-super-mario-donkey-kong-megaman-todos-os-clssicos-IDFJKbo.html
Jogos Consola PSP, 1 jogo=5€, 5 jogos=20€;5 €;https://www.olx.pt/d/anuncio/jogos-consola-psp-1-jogo5-5-jogos20-IDzHi9P.html
Jogos Nintendo DS 3DS;10 €;
Negociável;https://www.olx.pt/d/anuncio/jogos-nintendo-ds-3ds-IDFPpeT.html;
Consola raspberry pi4b+ 4GB c/ batocera em micro 128GB, c/ 16129 jogos;180 €;https://www.olx.pt/d/anuncio/consola-raspberry-pi4b-4gb-c-batocera-em-micro-128gb-c-16129-jogos-IDGIRVH.html
Comando BRANCO Wireless Playstation PS3, PC (Windows, Mac), Android;17,99 €;https://www.olx.pt/d/anuncio/comando-branco-wireless-playstation-ps3-pc-windows-mac-android-IDC5j7m.html
Consola N64 Nintendo 64 preta + jogos;250 €;https://www.olx.pt/d/anuncio/consola-n64-nintendo-64-preta-jogos-IDH379s.html
Vendo jogos e acessórios Nintendo, PC e cartas Pokémon!;300 €;https://www.olx.pt/d/anuncio/vendo-jogos-e-acessrios-nintendo-pc-e-cartas-pokmon-IDH6BmY.html
Retro Box Android | Consola Retro com 16500 Jogos | Comandos SEM fios;65 €;https://www.olx.pt/d/anuncio/retro-box-android-consola-retro-com-16500-jogos-comandos-sem-fios-IDGbVPK.html
Consola Retro com mais de 16500 Jogos Retro (Dreamcast, N64, PSP);65 €;https://www.olx.pt/d/anuncio/consola-retro-com-mais-de-16500-jogos-retro-dreamcast-n64-psp-IDDY0UV.html
Consola Retro com 16500 Jogos | basta ligar à tv | Comandos SEM fios;65 €;https://www.olx.pt/d/anuncio/consola-retro-com-16500-jogos-basta-ligar-tv-comandos-sem-fios-IDG0qmA.html
Livro reino do amanha;60 €;https://www.olx.pt/d/anuncio/livro-reino-do-amanha-IDtvoEG.html
PEN USB com +12000 JOGOS para Playstation Classic;30 €;https://www.olx.pt/d/anuncio/pen-usb-com-12000-jogos-para-playstation-classic-IDCIymq.html
Cabos AV/RGB/VGA para mais de 20 máquinas diferentes;120 €;https://www.olx.pt/d/anuncio/cabos-av-rgb-vga-para-mais-de-20-mquinas-diferentes-IDuULeH.html
RetroStation Pro – 1000GB com mais de 44000 jogos | Consola Retro;85 €;https://www.olx.pt/d/anuncio/retrostation-pro-1000gb-com-mais-de-44000-jogos-consola-retro-IDGBIJI.html
Consola Retro com mais de 16500 Retro Games | 14K SNES | Jogos Arcade;65 €;https://www.olx.pt/d/anuncio/consola-retro-com-mais-de-16500-retro-games-14k-snes-jogos-arcade-IDFRI09.html
Maquina de Jogos | Consola Retro | 16500 games | Comandos com fios;65 €;https://www.olx.pt/d/anuncio/maquina-de-jogos-consola-retro-16500-games-comandos-com-fios-IDFGSpp.html
Jogos new old stock Sega Mega CD 32X Super Nintendo nacionais;Troca;https://www.olx.pt/d/anuncio/jogos-new-old-stock-sega-mega-cd-32x-super-nintendo-nacionais-IDH1NdA.html
MEGA PACK! Nintendo Wii completa + jogos + acessórios (descrição);280 €;
Negociável;https://www.olx.pt/d/anuncio/mega-pack-nintendo-wii-completa-jogos-acessrios-descrio-IDFIEYX.html;
Gameboy DMG-01, pocket, color, advance, sp, nintendo ds e 2ds;50 €;
Negociável;https://www.olx.pt/d/anuncio/gameboy-dmg-01-pocket-color-advance-sp-nintendo-ds-e-2ds-IDH9PgJ.html;
Jogos para Nintendo 3DS;540 €;https://www.olx.pt/d/anuncio/jogos-para-nintendo-3ds-IDGRxGz.html
Jogos consola Nintendo;70 €;https://www.olx.pt/d/anuncio/jogos-consola-nintendo-IDubJPw.html
Manuais de Instruções – Folhetos Nintendo GameCube (Lista de A a Z);6 €;https://www.olx.pt/d/anuncio/manuais-de-instrues-folhetos-nintendo-gamecube-lista-de-a-a-z-IDH7o0k.html
Nintendo 3DS Aqua Blue + 16Gb (Pokémon e mto mais!) (CFW Luma3DS);200 €;https://www.olx.pt/d/anuncio/nintendo-3ds-aqua-blue-16gb-pokmon-e-mto-mais-cfw-luma3ds-IDH9UkB.html
Vários conjuntos e Jogos para Nintendo Wii Semi-Nova;30 €;https://www.olx.pt/d/anuncio/vrios-conjuntos-e-jogos-para-nintendo-wii-semi-nova-IDGrC3d.html
Duck Tales Game Boy Nintendo jogo original;70 €;https://www.olx.pt/d/anuncio/duck-tales-game-boy-nintendo-jogo-original-IDH1Nbq.html
Pack 9 em 1 para a Nintendo Switch Lite;20 €;https://www.olx.pt/d/anuncio/pack-9-em-1-para-a-nintendo-switch-lite-IDFLgEg.html
Nintendo Gameboy Classic;85 €;https://www.olx.pt/d/anuncio/nintendo-gameboy-classic-IDHeLSI.html
NINTENDO DS 2DS 3DS Diversos Jogos Novos Selados;860 €;
Negociável;https://www.olx.pt/d/anuncio/nintendo-ds-2ds-3ds-diversos-jogos-novos-selados-IDyVS4w.html;
Comando Novo Xbox 360 e PC (Microsoft Windows e Apple Mac) Plug&Play;25,99 €;https://www.olx.pt/d/anuncio/comando-novo-xbox-360-e-pc-microsoft-windows-e-apple-mac-plug-play-IDB9JXo.html
Coleção de jogos para a Super Nintendo / SNES (originais PAL);400 €;https://www.olx.pt/d/anuncio/coleo-de-jogos-para-a-super-nintendo-snes-originais-pal-IDHgxQk.html
Nintendo Switch Lite cinzento;195 €;https://www.olx.pt/d/anuncio/nintendo-switch-lite-cinzento-IDH90t1.html
Nintendo 2DS Desbloqueada + Extras Pokémon Sun & Moon;140 €;https://www.olx.pt/d/anuncio/nintendo-2ds-desbloqueada-extras-pokmon-sun-moon-IDHbz9e.html
Jogos para Nintendo DS;380 €;https://www.olx.pt/d/anuncio/jogos-para-nintendo-ds-IDGRPZH.html
Jogo The Addams Family: Pugsley's Scavagger Hunt (Super Nintendo/SNES);12 €;https://www.olx.pt/d/anuncio/jogo-the-addams-family-pugsleys-scavagger-hunt-super-nintendo-snes-IDH7Lva.html
Game and watch super Mario modificado;120 €;https://www.olx.pt/d/anuncio/game-and-watch-super-mario-modificado-IDHgAmn.html
Super Smash Bros - Nintendo WiiU;12 €;https://www.olx.pt/d/anuncio/super-smash-bros-nintendo-wiiu-IDGZ0Uj.html
Comando Novo Xbox 360, PC (Microsoft Windows/Apple Mac) Branco;25,99 €;https://www.olx.pt/d/anuncio/comando-novo-xbox-360-pc-microsoft-windows-apple-mac-branco-IDBcphl.html
Nintendo Classic Mini;150 €;
Negociável;https://www.olx.pt/d/anuncio/nintendo-classic-mini-IDH4aGe.html;
Jogo Last Action Hero para Super Nintendo/SNES (Arnold Schwarzenegger);30 €;https://www.olx.pt/d/anuncio/jogo-last-action-hero-para-super-nintendo-snes-arnold-schwarzenegger-IDH7Lrs.html
comandos consolas antigas sega,nintendo etc;10 €;https://www.olx.pt/d/anuncio/comandos-consolas-antigas-sega-nintendo-etc-IDGzViT.html
Novidades jogos Wii;10 €;https://www.olx.pt/d/anuncio/novidades-jogos-wii-IDGSTB9.html
Jogos PS3 + PS4 + Nintendo Switch;100 €;https://www.olx.pt/d/anuncio/jogos-ps3-ps4-nintendo-switch-IDHfCEb.html
Nintendo NES - Super Mario, Donkey Kong, Megaman, todos os clássicos!;39 €;https://www.olx.pt/d/anuncio/nintendo-nes-super-mario-donkey-kong-megaman-todos-os-clssicos-IDFJKbo.html
Jogo Teenage Mutant Hero Turtles IV: Turtles in Time (SNES, TMNT);80 €;https://www.olx.pt/d/anuncio/jogo-teenage-mutant-hero-turtles-iv-turtles-in-time-snes-tmnt-IDH7Lxp.html
Vários Jogos Nintendo DS;55 €;
Negociável;https://www.olx.pt/d/anuncio/vrios-jogos-nintendo-ds-IDGSqBd.html;
Comando Wireless Playstation PS3, PC (Windows, Mac) e Android;17,99 €;https://www.olx.pt/d/anuncio/comando-wireless-playstation-ps3-pc-windows-mac-e-android-IDBySXf.html
SONY PlayStation Portable PSP 3004;65 €;https://www.olx.pt/d/anuncio/sony-playstation-portable-psp-3004-IDHeLTo.html
Cabo Componente AV 3 RCA p/ Nintendo 64 GC SuperN;5 €;https://www.olx.pt/d/anuncio/cabo-componente-av-3-rca-p-nintendo-64-gc-supern-IDCqodO.html
Nintendo Amiibo Mewtwo (#51) Super Smash Bros;20 €;https://www.olx.pt/d/anuncio/nintendo-amiibo-mewtwo-51-super-smash-bros-IDGPW2f.html
Nintendo Amiibo Mewtwo (#51) Super Smash Bros;20 €;https://www.olx.pt/d/anuncio/nintendo-amiibo-mewtwo-51-super-smash-bros-IDGPW1M.html
Comando Wireless (Novo Em Caixa) Playstation PS3, PC, Android, SmartTV;17,99 €;https://www.olx.pt/d/anuncio/comando-wireless-novo-em-caixa-playstation-ps3-pc-android-smarttv-IDCr06F.html
Comandos Novos XBOX 360 e PC - Comando para Microsoft Windows/Apple;25,99 €;https://www.olx.pt/d/anuncio/comandos-novos-xbox-360-e-pc-comando-para-microsoft-windows-apple-IDG1eg4.html
Nintendo Amiibo Dark Samus (#81) Super Smash Bros;20 €;https://www.olx.pt/d/anuncio/nintendo-amiibo-dark-samus-81-super-smash-bros-IDGPW2y.html
LP 483 Pro Shekere;70 €;
Negociável;https://www.olx.pt/d/anuncio/lp-483-pro-shekere-IDFxVEd.html;
Coleção bonecos Pokémon , super mario, etc;Troca;https://www.olx.pt/d/anuncio/coleo-bonecos-pokmon-super-mario-etc-IDGZTcq.html
Nintendo Amiibo Dark Samus (#81) Super Smash Bros;20 €;https://www.olx.pt/d/anuncio/nintendo-amiibo-dark-samus-81-super-smash-bros-IDGPW2M.html
Mala Transporte Maquina Fotografica Case Logic;20 €;https://www.olx.pt/d/anuncio/mala-transporte-maquina-fotografica-case-logic-IDGRpfM.html
Nintendo 3DS XL Silver + 32Gb (todos Pokémon e mto mais!)(CFW Luma3DS);250 €;https://www.olx.pt/d/anuncio/nintendo-3ds-xl-silver-32gb-todos-pokmon-e-mto-mais-cfw-luma3ds-IDH9UEK.html
Jogo Donkey Kong Country para a Super Nintendo / SNES (Rare, 1994);30 €;https://www.olx.pt/d/anuncio/jogo-donkey-kong-country-para-a-super-nintendo-snes-rare-1994-IDH4UGF.html
Transformador Nintendo NES / SNES (ORIGINAL);30 €;https://www.olx.pt/d/anuncio/transformador-nintendo-nes-snes-original-IDHc5pp.html
Arcade stick duplo pandora sem fios que inclui jogos à sua escolha;89 €;https://www.olx.pt/d/anuncio/arcade-stick-duplo-pandora-sem-fios-que-inclui-jogos-sua-escolha-IDH5lBc.html
Conversor HDMI snes n64 gamecube;25 €;https://www.olx.pt/d/anuncio/conversor-hdmi-snes-n64-gamecube-IDGx5SO.html
Vivitar 70-210mm MC 1:4.5-5.6;25 €;https://www.olx.pt/d/anuncio/vivitar-70-210mm-mc-14-5-5-6-IDGRpfp.html
Minolta AF 28-105mm xi f3.5-4.5;25 €;https://www.olx.pt/d/anuncio/minolta-af-28-105mm-xi-f3-5-4-5-IDGRpf7.html
Bits jogos retro -Sega / Nes / Snes;5 €;https://www.olx.pt/d/anuncio/bits-jogos-retro-sega-nes-snes-IDzAhxF.html
Jogos Super Mario Nintendo;290 €;https://www.olx.pt/d/anuncio/jogos-super-mario-nintendo-IDAMQRh.html
WWF Superstars Nintendo Game Boy nacional;30 €;https://www.olx.pt/d/anuncio/wwf-superstars-nintendo-game-boy-nacional-IDGPcZM.html
Nintendo Switch com 04 jogos Pra sair hoje;250 €;
Negociável;https://www.olx.pt/d/anuncio/nintendo-switch-com-04-jogos-pra-sair-hoje-IDHePY2.html;
Bolsas Oficiais Nintendo (Game Boy DS 2DS 3DS GB Color Wii);10 €;https://www.olx.pt/d/anuncio/bolsas-oficiais-nintendo-game-boy-ds-2ds-3ds-gb-color-wii-IDHcZ6m.html
Batman The Video Game - Nintendo Game Boy jogo em caixa nacional;70 €;https://www.olx.pt/d/anuncio/batman-the-video-game-nintendo-game-boy-jogo-em-caixa-nacional-IDGFFeL.html
Spider Man , The Amazing - Nintendo Game Boy jogo caixa nacional;60 €;https://www.olx.pt/d/anuncio/spider-man-the-amazing-nintendo-game-boy-jogo-caixa-nacional-IDGQ1EG.html
Jogos para Nintendo Wii;545 €;https://www.olx.pt/d/anuncio/jogos-para-nintendo-wii-IDGRCTV.html
Jogo Super R-Type para a Super Nintendo / SNES;20 €;https://www.olx.pt/d/anuncio/jogo-super-r-type-para-a-super-nintendo-snes-IDH9ZDC.html
Nintendo NES - Super Mario, Donkey Kong, Megaman, todos os clássicos!;39 €;https://www.olx.pt/d/anuncio/nintendo-nes-super-mario-donkey-kong-megaman-todos-os-clssicos-IDFJKbo.html
Coleção de jogos para a Super Nintendo / SNES (originais PAL);400 €;https://www.olx.pt/d/anuncio/coleo-de-jogos-para-a-super-nintendo-snes-originais-pal-IDHgxQk.html
Nintendo Switch Lite cinzento;195 €;https://www.olx.pt/d/anuncio/nintendo-switch-lite-cinzento-IDH90t1.html
Game Boy Nintendo battery pack - bateria recarregável manual DMG;25 €;https://www.olx.pt/d/anuncio/game-boy-nintendo-battery-pack-bateria-recarregvel-manual-dmg-IDGUr17.html
Vendo jogos usados para a Nintendo 3DS;5 €;https://www.olx.pt/d/anuncio/vendo-jogos-usados-para-a-nintendo-3ds-IDHfRDG.html
Jogo Super Punch-Out!! para a Super Nintendo / SNES (1995);30 €;https://www.olx.pt/d/anuncio/jogo-super-punch-out-para-a-super-nintendo-snes-1995-IDGXm5R.html
Jogo Super Star Wars: Return of the Jedi para a Super Nintendo / SNES;55 €;https://www.olx.pt/d/anuncio/jogo-super-star-wars-return-of-the-jedi-para-a-super-nintendo-snes-IDH36wx.html
Joystick Atlantis - stock antigo jogo consolas computador;25 €;https://www.olx.pt/d/anuncio/joystick-atlantis-stock-antigo-jogo-consolas-computador-IDGQ1K3.html
Jogo Super Star Wars: The Empire Strikes Back (Super Nintendo / SNES);45 €;https://www.olx.pt/d/anuncio/jogo-super-star-wars-the-empire-strikes-back-super-nintendo-snes-IDH7KQP.html
Vendo jogos usados para a Nintendo DS;10 €;https://www.olx.pt/d/anuncio/vendo-jogos-usados-para-a-nintendo-ds-IDHfRCH.html
Nintendo switch stand jogos e comando;7 €;https://www.olx.pt/d/anuncio/nintendo-switch-stand-jogos-e-comando-IDGQ2UT.html
Comandos Wii U Wired Fight Pad;35 €;https://www.olx.pt/d/anuncio/comandos-wii-u-wired-fight-pad-IDH2eZm.html
Jogo Jurassic Park para a Super Nintendo / SNES (Ocean);12 €;https://www.olx.pt/d/anuncio/jogo-jurassic-park-para-a-super-nintendo-snes-ocean-IDH57uk.html
Nintendo 2DS Desbloqueada + Extras Pokémon Sun & Moon;140 €;https://www.olx.pt/d/anuncio/nintendo-2ds-desbloqueada-extras-pokmon-sun-moon-IDHbz9e.html
Jogos para consola Wii;10 €;https://www.olx.pt/d/anuncio/jogos-para-consola-wii-IDFKnkB.html
Acessórios Nintendo NES / SNES (Originais & Genéricos);5 €;https://www.olx.pt/d/anuncio/acessrios-nintendo-nes-snes-originais-genricos-IDH0O0K.html
WiiU Nintendo superMario Donkey Kong skylanders Assassins Creed disney;5 €;https://www.olx.pt/d/anuncio/wiiu-nintendo-supermario-donkey-kong-skylanders-assassins-creed-disney-IDDWbu7.html
Jogo Les Schtroumpfs: Autour du Monde para Super Nintendo/SNES, Smurfs;60 €;https://www.olx.pt/d/anuncio/jogo-les-schtroumpfs-autour-du-monde-para-super-nintendo-snes-smurfs-IDGWoVj.html
Jogo F1 Pole Position 2 para a Super Nintendo / SNES (Ubi Soft);14 €;https://www.olx.pt/d/anuncio/jogo-f1-pole-position-2-para-a-super-nintendo-snes-ubi-soft-IDGWVtw.html
Game Boy DMG | Acessórios | Jogos | Vendo individualmente;500 €;https://www.olx.pt/d/anuncio/game-boy-dmg-acessrios-jogos-vendo-individualmente-IDuflWr.html
Micromania revista retro vintage PC consolas jogos;10 €;https://www.olx.pt/d/anuncio/micromania-revista-retro-vintage-pc-consolas-jogos-IDHewcJ.html
Legend of Zelda JP+ Gameboy SuperNintendo JP+ Tetris JP;15 €;
Negociável;https://www.olx.pt/d/anuncio/legend-of-zelda-jp-gameboy-supernintendo-jp-tetris-jp-IDHbPjD.html;
Amiibo Coins - Pack Legend of Zelda Breath of the Wild;50 €;https://www.olx.pt/d/anuncio/amiibo-coins-pack-legend-of-zelda-breath-of-the-wild-IDB9U7e.html
10 Amiibos - Todas as colecções - Formato Moeda;25 €;https://www.olx.pt/d/anuncio/10-amiibos-todas-as-coleces-formato-moeda-IDADIHo.html
Jogos Nintendo 3DS/Nintendo DS/NIntendo Switch;150 €;https://www.olx.pt/d/anuncio/jogos-nintendo-3ds-nintendo-ds-nintendo-switch-IDzMKI3.html
[NDS] 131 Jogos Nintendo DS (PORTES GRÁTIS) (leia a descrição);1.250 €;https://www.olx.pt/d/anuncio/nds-131-jogos-nintendo-ds-portes-grtis-leia-a-descrio-IDG5qM0.html
Tapete de rato da equipa TSM NOVO !;6 €;https://www.olx.pt/d/anuncio/tapete-de-rato-da-equipa-tsm-novo-IDDUVDk.html
CAIXAS Playstation / Nintendo;100 €;
Negociável;https://www.olx.pt/d/anuncio/caixas-playstation-nintendo-IDGYfVu.html;
Nintendo 3DS, 3DS XL, New, Switch, DS Lite, DSi, Game Boy, etc;40 €;https://www.olx.pt/d/anuncio/nintendo-3ds-3ds-xl-new-switch-ds-lite-dsi-game-boy-etc-IDH9Lj0.html
Jogos PS2 - Playstation 2 (Disponíveis e Preços na Descrição);5 €;
Negociável;https://www.olx.pt/d/anuncio/jogos-ps2-playstation-2-disponveis-e-preos-na-descrio-IDG2uix.html;
Consolas Nintendo DS, DSi, 3DS + Mario Kart 7 + Metroid, etc...;500 €;https://www.olx.pt/d/anuncio/consolas-nintendo-ds-dsi-3ds-mario-kart-7-metroid-etc-IDuUHLt.html
Jogo Toy Story para a Super Nintendo / SNES (Disney Interactive, 1996);50 €;https://www.olx.pt/d/anuncio/jogo-toy-story-para-a-super-nintendo-snes-disney-interactive-1996-IDHfTLq.html
MechWarrior 2 Sega Saturn caixa nacional;20 €;https://www.olx.pt/d/anuncio/mechwarrior-2-sega-saturn-caixa-nacional-IDH7q0m.html
Marko's Magic Football - Sega Game Gear jogo completo stock antigo;85 €;https://www.olx.pt/d/anuncio/markos-magic-football-sega-game-gear-jogo-completo-stock-antigo-IDGQ1HB.html
Reparações PS4/Xbox one/Nitendo/ Informatica;Sob orçamento;https://www.olx.pt/d/anuncio/reparaes-ps4-xbox-one-nitendo-informatica-IDFnsK9.html
Maquina arcade bartop jogos clássicos hyperspin;750 €;https://www.olx.pt/d/anuncio/maquina-arcade-bartop-jogos-clssicos-hyperspin-IDDbGqE.html
TMNT Tartarugas Ninja Turtles II - Secret of the Ooze vinil LP BSO OST;60 €;https://www.olx.pt/d/anuncio/tmnt-tartarugas-ninja-turtles-ii-secret-of-the-ooze-vinil-lp-bso-ost-IDH8ymY.html
Figuras Skylanders Imaginators Superchargers TrapMasters Giants;2 €;https://www.olx.pt/d/anuncio/figuras-skylanders-imaginators-superchargers-trapmasters-giants-IDHdzIj.html
Sistema retropie c/ 14373 jogos micro sd de 128GB / arcade;70 €;https://www.olx.pt/d/anuncio/sistema-retropie-c-14373-jogos-micro-sd-de-128gb-arcade-IDFXJR8.html
Jogos Switch, 3DS, NDS, Wii, PSP, XBOX e XBOX360;100 €;https://www.olx.pt/d/anuncio/jogos-switch-3ds-nds-wii-psp-xbox-e-xbox360-IDHdVO1.html
Nintendo - Manuais Diversos;16 €;https://www.olx.pt/d/anuncio/nintendo-manuais-diversos-IDApNew.html
Nintendo Game & Watch;90 €;https://www.olx.pt/d/anuncio/nintendo-game-watch-IDHfVkV.html
8 Revistas Sega Mega Force - Street Fighter, Eco Dolphin, Sonic, Doom;80 €;https://www.olx.pt/d/anuncio/8-revistas-sega-mega-force-street-fighter-eco-dolphin-sonic-doom-IDH02Bk.html
RetroStation 14K – Retro Console + de 34000 Jogos | Retrogaming;75 €;https://www.olx.pt/d/anuncio/retrostation-14k-retro-console-de-34000-jogos-retrogaming-IDGDwuv.html
Nintendo 2DS Desbloqueada + Extras Pokémon Sun & Moon;140 €;https://www.olx.pt/d/anuncio/nintendo-2ds-desbloqueada-extras-pokmon-sun-moon-IDHbz9e.html
Nintendo NES - Super Mario, Donkey Kong, Megaman, todos os clássicos!;39 €;https://www.olx.pt/d/anuncio/nintendo-nes-super-mario-donkey-kong-megaman-todos-os-clssicos-IDFJKbo.html
Coleção de jogos para a Super Nintendo / SNES (originais PAL);400 €;https://www.olx.pt/d/anuncio/coleo-de-jogos-para-a-super-nintendo-snes-originais-pal-IDHgxQk.html
TV Sony Trinitron KV-29LS35E - Retro gaming consolas antigas - CRT;100 €;https://www.olx.pt/d/anuncio/tv-sony-trinitron-kv-29ls35e-retro-gaming-consolas-antigas-crt-IDH5GiB.html
34 figuras infinity Marvel super-heróis (Apenas Local e pelo total);510 €;https://www.olx.pt/d/anuncio/34-figuras-infinity-marvel-super-heris-apenas-local-e-pelo-total-IDzHTt5.html
Jogo F-ZERO- Nintendo GBA;17 €;https://www.olx.pt/d/anuncio/jogo-f-zero-nintendo-gba-IDFr7kd.html
Taiko No Tatsujin: Drum'n Fun! + Drum Nintendo Switch (Novo);124,99 €;https://www.olx.pt/d/anuncio/taiko-no-tatsujin-drumn-fun-drum-nintendo-switch-novo-IDHggJk.html
jogos ps3 de plataformas e herois;100 €;https://www.olx.pt/d/anuncio/jogos-ps3-de-plataformas-e-herois-IDz8ErT.html
Jogos Wii Mario Sonic Disney infinity fifa pes just dance skylanders;5 €;https://www.olx.pt/d/anuncio/jogos-wii-mario-sonic-disney-infinity-fifa-pes-just-dance-skylanders-IDGpeo5.html
3D Retro Eletro - Logos de videojogos, consolas, séries, filmes etc;9 €;https://www.olx.pt/d/anuncio/3d-retro-eletro-logos-de-videojogos-consolas-sries-filmes-etc-IDGwODL.html
NINTENDO SWITCH Diversos Jogos Novos Selados Nintendo Switch;400 €;
Negociável;https://www.olx.pt/d/anuncio/nintendo-switch-diversos-jogos-novos-selados-nintendo-switch-IDAw6sF.html;
Retrostation 14K comandos SEM fios | 64G | Retro Game Console TV Box;90 €;https://www.olx.pt/d/anuncio/retrostation-14k-comandos-sem-fios-64g-retro-game-console-tv-box-IDGNZ4S.html
Console Snes Retro Gaming 50,000 JOGOS Integrados;235 €;https://www.olx.pt/d/anuncio/console-snes-retro-gaming-50-000-jogos-integrados-IDGWIfC.html
Nintendo Switch Lite cinzento;195 €;https://www.olx.pt/d/anuncio/nintendo-switch-lite-cinzento-IDH90t1.html
Retrogaming 17687 Jogos , Raspberry pi 2B;80 €;https://www.olx.pt/d/anuncio/retrogaming-17687-jogos-raspberry-pi-2b-IDGdAkk.html
Jogos Sega Saturn com caixa sem manuais;40 €;
Negociável;https://www.olx.pt/d/anuncio/jogos-sega-saturn-com-caixa-sem-manuais-IDuUY6Z.html;
Jogos Nintendo 3DS, DS, Switch, Game Boy, 64 etc;20 €;https://www.olx.pt/d/anuncio/jogos-nintendo-3ds-ds-switch-game-boy-64-etc-IDH9TZ4.html
VÁRIOS Comandos Nintendo Wii / Wii U (ORIGINAIS!);7 €;https://www.olx.pt/d/anuncio/vrios-comandos-nintendo-wii-wii-u-originais-IDHdInv.html
Lammcou Handle Holder Compatible with Nintendo Switch Lite;10 €;https://www.olx.pt/d/anuncio/lammcou-handle-holder-compatible-with-nintendo-switch-lite-IDHcZdd.html
Consolas antigas originais;1.500 €;https://www.olx.pt/d/anuncio/consolas-antigas-originais-IDH6h3O.html
Jogos para várias consolas (MD, MegaCD, PSX, Saturn, NGC, SNES, etc);55 €;https://www.olx.pt/d/anuncio/jogos-para-vrias-consolas-md-megacd-psx-saturn-ngc-snes-etc-IDuCYC9.html
V/ consolas e jogos PS1, PS2, PS3, Nintendo, PlayStation, Clássic mini;55 €;
Negociável;https://www.olx.pt/d/anuncio/v-consolas-e-jogos-ps1-ps2-ps3-nintendo-playstation-clssic-mini-IDGBKm0.html;
NINTENDO WII wii Diversos Jogos Novos Selados Call of Duty Just Dance;680 €;
Negociável;https://www.olx.pt/d/anuncio/nintendo-wii-wii-diversos-jogos-novos-selados-call-of-duty-just-dance-IDAw6x9.html;
[Wii] 180 Jogos nintendo Wii (PORTES GRÁTIS - Qualquer Quantidade);1.300 €;https://www.olx.pt/d/anuncio/wii-180-jogos-nintendo-wii-portes-grtis-qualquer-quantidade-IDApVSr.html
Jogos novos e usados para consolas Xbox One, PS4, PsVita e PS3;566 €;https://www.olx.pt/d/anuncio/jogos-novos-e-usados-para-consolas-xbox-one-ps4-psvita-e-ps3-IDAVSTz.html
GAMECUBE Diversos Jogos Final Fantasy Metal Gear Pikmin StarWars Zelda;660 €;
Negociável;https://www.olx.pt/d/anuncio/gamecube-diversos-jogos-final-fantasy-metal-gear-pikmin-starwars-zelda-IDzRr11.html;
Jogos Consolas (ps1, ps2, ps3, DVD);2 €;https://www.olx.pt/d/anuncio/jogos-consolas-ps1-ps2-ps3-dvd-IDHbJqp.html
Variadíssimos Jogos PlayStation 3;10 €;https://www.olx.pt/d/anuncio/variadssimos-jogos-playstation-3-IDGuKTp.html
